{"cameraMode":{"drawMode":0,"name":"Shaded","section":"Shading Mode"},"sceneLighting":true,"audioPlay":false,"sceneViewState":{"showFog":false,"showMaterialUpdate":false,"showSkybox":false,"showFlares":false,"showImageEffects":false,"showParticleSystems":false},"in2DMode":false,"pivot":{"x":10.903989791870118,"y":1.0461019277572632,"z":-4.149021148681641},"rotation":{"x":0.009914916008710862,"y":0.9445337057113648,"z":-0.02863778918981552,"w":0.32701337337493899},"size":22.0,"orthographic":false}