{"cameraMode":{"drawMode":0,"name":"Shaded","section":"Shading Mode"},"sceneLighting":true,"audioPlay":false,"sceneViewState":{"showFog":true,"showMaterialUpdate":false,"showSkybox":true,"showFlares":true,"showImageEffects":true,"showParticleSystems":true},"in2DMode":false,"pivot":{"x":0.6303005218505859,"y":2.3279500007629396,"z":1.661160945892334},"rotation":{"x":-0.19061179459095,"y":-0.6975020170211792,"z":0.2011929303407669,"w":-0.6608172655105591},"size":3.5499911308288576,"orthographic":false}