{"cameraMode":{"drawMode":0,"name":"Shaded","section":"Shading Mode"},"sceneLighting":true,"audioPlay":false,"sceneViewState":{"showFog":true,"showMaterialUpdate":false,"showSkybox":true,"showFlares":true,"showImageEffects":true,"showParticleSystems":true},"in2DMode":false,"pivot":{"x":1.2219829559326172,"y":-0.3271167278289795,"z":0.0},"rotation":{"x":-0.16544000804424287,"y":-0.08362403512001038,"z":0.014080178923904896,"w":-0.9825672507286072},"size":34.286476135253909,"orthographic":false}